asset,weight
SPY,0.3
QQQ,0.3
IWM,0.25702568132391684
TLT,0.3
GLD,0.3
HYG,0.3
IBIT,0.10085484553223764
